/*
 Navicat Premium Data Transfer

 Source Server         : localhost
 Source Server Type    : MySQL
 Source Server Version : 50709
 Source Host           : localhost
 Source Database       : mavappointdb2s

 Target Server Type    : MySQL
 Target Server Version : 50709
 File Encoding         : utf-8

 Date: 02/21/2017 18:33:15 PM
*/

SET NAMES utf8;
SET FOREIGN_KEY_CHECKS = 0;

-- ----------------------------
--  Table structure for `advising_schedule`
-- ----------------------------
DROP TABLE IF EXISTS `advising_schedule`;
CREATE TABLE `advising_schedule` (
  `id` int(11) NOT NULL AUTO_INCREMENT,
  `userId` int(11) NOT NULL,
  `date` date NOT NULL,
  `start` time NOT NULL,
  `end` time NOT NULL,
  `studentId` int(11) DEFAULT NULL,
  PRIMARY KEY (`id`),
  UNIQUE KEY `userId` (`userId`,`date`,`start`),
  CONSTRAINT `advising_schedule_ibfk_1` FOREIGN KEY (`userId`) REFERENCES `user_advisor` (`userId`) ON DELETE CASCADE ON UPDATE CASCADE
) ENGINE=InnoDB AUTO_INCREMENT=732 DEFAULT CHARSET=utf8;

-- ----------------------------
--  Records of `advising_schedule`
-- ----------------------------
BEGIN;
INSERT INTO `advising_schedule` VALUES ('1', '100', '2016-04-29', '14:00:00', '14:05:00', null), ('2', '100', '2016-04-29', '14:05:00', '14:10:00', null), ('3', '100', '2016-04-29', '14:10:00', '14:15:00', null), ('4', '100', '2016-04-29', '14:15:00', '14:20:00', null), ('5', '100', '2016-04-29', '14:20:00', '14:25:00', null), ('6', '100', '2016-04-29', '14:25:00', '14:30:00', null), ('7', '100', '2016-04-29', '14:30:00', '14:35:00', null), ('8', '100', '2016-04-29', '14:35:00', '14:40:00', null), ('9', '100', '2016-04-29', '14:40:00', '14:45:00', null), ('10', '100', '2016-04-29', '14:45:00', '14:50:00', null), ('11', '100', '2016-04-29', '14:50:00', '14:55:00', null), ('12', '100', '2016-04-29', '14:55:00', '15:00:00', null), ('13', '100', '2016-05-06', '14:00:00', '14:05:00', null), ('14', '100', '2016-05-06', '14:05:00', '14:10:00', null), ('15', '100', '2016-05-06', '14:10:00', '14:15:00', null), ('16', '100', '2016-05-06', '14:15:00', '14:20:00', null), ('17', '100', '2016-05-06', '14:20:00', '14:25:00', null), ('18', '100', '2016-05-06', '14:25:00', '14:30:00', null), ('19', '100', '2016-05-06', '14:30:00', '14:35:00', null), ('20', '100', '2016-05-06', '14:35:00', '14:40:00', null), ('21', '100', '2016-05-06', '14:40:00', '14:45:00', null), ('22', '100', '2016-05-06', '14:45:00', '14:50:00', null), ('23', '100', '2016-05-06', '14:50:00', '14:55:00', null), ('24', '100', '2016-05-06', '14:55:00', '15:00:00', null), ('25', '100', '2016-05-13', '14:00:00', '14:05:00', null), ('26', '100', '2016-05-13', '14:05:00', '14:10:00', null), ('27', '100', '2016-05-13', '14:10:00', '14:15:00', null), ('28', '100', '2016-05-13', '14:15:00', '14:20:00', null), ('29', '100', '2016-05-13', '14:20:00', '14:25:00', null), ('30', '100', '2016-05-13', '14:25:00', '14:30:00', null), ('31', '100', '2016-05-13', '14:30:00', '14:35:00', null), ('32', '100', '2016-05-13', '14:35:00', '14:40:00', null), ('33', '100', '2016-05-13', '14:40:00', '14:45:00', null), ('34', '100', '2016-05-13', '14:45:00', '14:50:00', null), ('35', '100', '2016-05-13', '14:50:00', '14:55:00', null), ('36', '100', '2016-05-13', '14:55:00', '15:00:00', null), ('37', '100', '2016-05-20', '14:00:00', '14:05:00', null), ('38', '100', '2016-05-20', '14:05:00', '14:10:00', null), ('39', '100', '2016-05-20', '14:10:00', '14:15:00', null), ('40', '100', '2016-05-20', '14:15:00', '14:20:00', null), ('41', '100', '2016-05-20', '14:20:00', '14:25:00', null), ('42', '100', '2016-05-20', '14:25:00', '14:30:00', null), ('43', '100', '2016-05-20', '14:30:00', '14:35:00', null), ('44', '100', '2016-05-20', '14:35:00', '14:40:00', null), ('45', '100', '2016-05-20', '14:40:00', '14:45:00', null), ('46', '100', '2016-05-20', '14:45:00', '14:50:00', null), ('47', '100', '2016-05-20', '14:50:00', '14:55:00', null), ('48', '100', '2016-05-20', '14:55:00', '15:00:00', null), ('49', '100', '2016-05-27', '14:00:00', '14:05:00', null), ('50', '100', '2016-05-27', '14:05:00', '14:10:00', null), ('51', '100', '2016-05-27', '14:10:00', '14:15:00', null), ('52', '100', '2016-05-27', '14:15:00', '14:20:00', null), ('53', '100', '2016-05-27', '14:20:00', '14:25:00', null), ('54', '100', '2016-05-27', '14:25:00', '14:30:00', null), ('55', '100', '2016-05-27', '14:30:00', '14:35:00', null), ('56', '100', '2016-05-27', '14:35:00', '14:40:00', null), ('57', '100', '2016-05-27', '14:40:00', '14:45:00', null), ('58', '100', '2016-05-27', '14:45:00', '14:50:00', null), ('59', '100', '2016-05-27', '14:50:00', '14:55:00', null), ('60', '100', '2016-05-27', '14:55:00', '15:00:00', null), ('61', '100', '2016-06-03', '14:00:00', '14:05:00', null), ('62', '100', '2016-06-03', '14:05:00', '14:10:00', null), ('63', '100', '2016-06-03', '14:10:00', '14:15:00', null), ('64', '100', '2016-06-03', '14:15:00', '14:20:00', null), ('65', '100', '2016-06-03', '14:20:00', '14:25:00', null), ('66', '100', '2016-06-03', '14:25:00', '14:30:00', null), ('67', '100', '2016-06-03', '14:30:00', '14:35:00', null), ('68', '100', '2016-06-03', '14:35:00', '14:40:00', null), ('69', '100', '2016-06-03', '14:40:00', '14:45:00', null), ('70', '100', '2016-06-03', '14:45:00', '14:50:00', null), ('71', '100', '2016-06-03', '14:50:00', '14:55:00', null), ('72', '100', '2016-06-03', '14:55:00', '15:00:00', null), ('73', '100', '2016-08-01', '14:40:00', '14:45:00', null), ('74', '100', '2016-08-01', '14:45:00', '14:50:00', null), ('75', '100', '2016-08-01', '14:50:00', '14:55:00', null), ('76', '100', '2016-08-01', '14:55:00', '15:00:00', null), ('77', '100', '2016-08-01', '15:00:00', '15:05:00', null), ('78', '100', '2016-08-01', '15:05:00', '15:10:00', null), ('79', '100', '2016-08-01', '15:10:00', '15:15:00', null), ('80', '100', '2016-08-01', '15:15:00', '15:20:00', null), ('81', '100', '2016-08-01', '15:20:00', '15:25:00', null), ('82', '100', '2016-08-01', '15:25:00', '15:30:00', null), ('83', '100', '2016-08-01', '15:30:00', '15:35:00', null), ('84', '100', '2016-08-01', '15:35:00', '15:40:00', null), ('85', '100', '2016-08-08', '14:40:00', '14:45:00', null), ('86', '100', '2016-08-08', '14:45:00', '14:50:00', null), ('87', '100', '2016-08-08', '14:50:00', '14:55:00', null), ('88', '100', '2016-08-08', '14:55:00', '15:00:00', null), ('89', '100', '2016-08-08', '15:00:00', '15:05:00', null), ('90', '100', '2016-08-08', '15:05:00', '15:10:00', null), ('91', '100', '2016-08-08', '15:10:00', '15:15:00', null), ('92', '100', '2016-08-08', '15:15:00', '15:20:00', null), ('93', '100', '2016-08-08', '15:20:00', '15:25:00', null), ('94', '100', '2016-08-08', '15:25:00', '15:30:00', null), ('95', '100', '2016-08-08', '15:30:00', '15:35:00', null), ('96', '100', '2016-08-08', '15:35:00', '15:40:00', null), ('97', '100', '2016-08-15', '14:40:00', '14:45:00', null), ('98', '100', '2016-08-15', '14:45:00', '14:50:00', null), ('99', '100', '2016-08-15', '14:50:00', '14:55:00', null), ('100', '100', '2016-08-15', '14:55:00', '15:00:00', null), ('101', '100', '2016-08-15', '15:00:00', '15:05:00', null), ('102', '100', '2016-08-15', '15:05:00', '15:10:00', null), ('103', '100', '2016-08-15', '15:10:00', '15:15:00', null), ('104', '100', '2016-08-15', '15:15:00', '15:20:00', null), ('105', '100', '2016-08-15', '15:20:00', '15:25:00', null), ('106', '100', '2016-08-15', '15:25:00', '15:30:00', null), ('107', '100', '2016-08-15', '15:30:00', '15:35:00', null), ('108', '100', '2016-08-15', '15:35:00', '15:40:00', null), ('109', '100', '2016-08-04', '09:00:00', '09:05:00', null), ('110', '100', '2016-08-04', '09:05:00', '09:10:00', null), ('111', '100', '2016-08-04', '09:10:00', '09:15:00', null), ('112', '100', '2016-08-04', '09:15:00', '09:20:00', null), ('113', '100', '2016-08-04', '09:20:00', '09:25:00', null), ('114', '100', '2016-08-04', '09:25:00', '09:30:00', null), ('115', '100', '2016-08-04', '09:30:00', '09:35:00', null), ('116', '100', '2016-08-04', '09:35:00', '09:40:00', null), ('117', '100', '2016-08-04', '09:40:00', '09:45:00', null), ('118', '100', '2016-08-04', '09:45:00', '09:50:00', null), ('119', '100', '2016-08-04', '09:50:00', '09:55:00', null), ('120', '100', '2016-08-04', '09:55:00', '10:00:00', null), ('121', '100', '2016-08-04', '10:00:00', '10:05:00', null), ('122', '100', '2016-08-04', '10:05:00', '10:10:00', null), ('123', '100', '2016-08-04', '10:10:00', '10:15:00', null), ('124', '100', '2016-08-04', '10:15:00', '10:20:00', null), ('125', '100', '2016-08-04', '10:20:00', '10:25:00', null), ('126', '100', '2016-08-04', '10:25:00', '10:30:00', null), ('127', '100', '2016-08-04', '10:30:00', '10:35:00', null), ('128', '100', '2016-08-04', '10:35:00', '10:40:00', null), ('129', '100', '2016-08-04', '10:40:00', '10:45:00', null), ('130', '100', '2016-08-04', '10:45:00', '10:50:00', null), ('131', '100', '2016-08-04', '10:50:00', '10:55:00', null), ('132', '100', '2016-08-04', '10:55:00', '11:00:00', null), ('133', '100', '2016-08-11', '09:00:00', '09:05:00', null), ('134', '100', '2016-08-11', '09:05:00', '09:10:00', null), ('135', '100', '2016-08-11', '09:10:00', '09:15:00', null), ('136', '100', '2016-08-11', '09:15:00', '09:20:00', null), ('137', '100', '2016-08-11', '09:20:00', '09:25:00', null), ('138', '100', '2016-08-11', '09:25:00', '09:30:00', null), ('139', '100', '2016-08-11', '09:30:00', '09:35:00', null), ('140', '100', '2016-08-11', '09:35:00', '09:40:00', null), ('141', '100', '2016-08-11', '09:40:00', '09:45:00', null), ('142', '100', '2016-08-11', '09:45:00', '09:50:00', null), ('143', '100', '2016-08-11', '09:50:00', '09:55:00', null), ('144', '100', '2016-08-11', '09:55:00', '10:00:00', null), ('145', '100', '2016-08-11', '10:00:00', '10:05:00', null), ('146', '100', '2016-08-11', '10:05:00', '10:10:00', null), ('147', '100', '2016-08-11', '10:10:00', '10:15:00', null), ('148', '100', '2016-08-11', '10:15:00', '10:20:00', null), ('149', '100', '2016-08-11', '10:20:00', '10:25:00', null), ('150', '100', '2016-08-11', '10:25:00', '10:30:00', null), ('151', '100', '2016-08-11', '10:30:00', '10:35:00', null), ('152', '100', '2016-08-11', '10:35:00', '10:40:00', null), ('153', '100', '2016-08-11', '10:40:00', '10:45:00', null), ('154', '100', '2016-08-11', '10:45:00', '10:50:00', null), ('155', '100', '2016-08-11', '10:50:00', '10:55:00', null), ('156', '100', '2016-08-11', '10:55:00', '11:00:00', null), ('157', '100', '2016-08-18', '09:00:00', '09:05:00', null), ('158', '100', '2016-08-18', '09:05:00', '09:10:00', null), ('159', '100', '2016-08-18', '09:10:00', '09:15:00', null), ('160', '100', '2016-08-18', '09:15:00', '09:20:00', null), ('161', '100', '2016-08-18', '09:20:00', '09:25:00', null), ('162', '100', '2016-08-18', '09:25:00', '09:30:00', null), ('163', '100', '2016-08-18', '09:30:00', '09:35:00', null), ('164', '100', '2016-08-18', '09:35:00', '09:40:00', null), ('165', '100', '2016-08-18', '09:40:00', '09:45:00', null), ('166', '100', '2016-08-18', '09:45:00', '09:50:00', null), ('167', '100', '2016-08-18', '09:50:00', '09:55:00', null), ('168', '100', '2016-08-18', '09:55:00', '10:00:00', null), ('169', '100', '2016-08-18', '10:00:00', '10:05:00', null), ('170', '100', '2016-08-18', '10:05:00', '10:10:00', null), ('171', '100', '2016-08-18', '10:10:00', '10:15:00', null), ('172', '100', '2016-08-18', '10:15:00', '10:20:00', null), ('173', '100', '2016-08-18', '10:20:00', '10:25:00', null), ('174', '100', '2016-08-18', '10:25:00', '10:30:00', null), ('175', '100', '2016-08-18', '10:30:00', '10:35:00', null), ('176', '100', '2016-08-18', '10:35:00', '10:40:00', null), ('177', '100', '2016-08-18', '10:40:00', '10:45:00', null), ('178', '100', '2016-08-18', '10:45:00', '10:50:00', null), ('179', '100', '2016-08-18', '10:50:00', '10:55:00', null), ('180', '100', '2016-08-18', '10:55:00', '11:00:00', null), ('193', '100', '2016-08-10', '11:00:00', '11:05:00', null), ('194', '100', '2016-08-10', '11:05:00', '11:10:00', null), ('195', '100', '2016-08-10', '11:10:00', '11:15:00', null), ('196', '100', '2016-08-10', '11:15:00', '11:20:00', null), ('197', '100', '2016-08-10', '11:20:00', '11:25:00', null), ('198', '100', '2016-08-10', '11:25:00', '11:30:00', null), ('199', '100', '2016-08-10', '11:30:00', '11:35:00', null), ('200', '100', '2016-08-10', '11:35:00', '11:40:00', null), ('201', '100', '2016-08-10', '11:40:00', '11:45:00', null), ('202', '100', '2016-08-10', '11:45:00', '11:50:00', null), ('203', '100', '2016-08-10', '11:50:00', '11:55:00', null), ('204', '100', '2016-08-10', '11:55:00', '12:00:00', null), ('205', '100', '2016-08-17', '11:00:00', '11:05:00', null), ('206', '100', '2016-08-17', '11:05:00', '11:10:00', null), ('207', '100', '2016-08-17', '11:10:00', '11:15:00', null), ('208', '100', '2016-08-17', '11:15:00', '11:20:00', null), ('209', '100', '2016-08-17', '11:20:00', '11:25:00', null), ('210', '100', '2016-08-17', '11:25:00', '11:30:00', null), ('211', '100', '2016-08-17', '11:30:00', '11:35:00', null), ('212', '100', '2016-08-17', '11:35:00', '11:40:00', null), ('213', '100', '2016-08-17', '11:40:00', '11:45:00', null), ('214', '100', '2016-08-17', '11:45:00', '11:50:00', null), ('215', '100', '2016-08-17', '11:50:00', '11:55:00', null), ('216', '100', '2016-08-17', '11:55:00', '12:00:00', null), ('217', '100', '2016-08-24', '11:00:00', '11:05:00', null), ('218', '100', '2016-08-24', '11:05:00', '11:10:00', null), ('219', '100', '2016-08-24', '11:10:00', '11:15:00', null), ('220', '100', '2016-08-24', '11:15:00', '11:20:00', null), ('221', '100', '2016-08-24', '11:20:00', '11:25:00', null), ('222', '100', '2016-08-24', '11:25:00', '11:30:00', null), ('223', '100', '2016-08-24', '11:30:00', '11:35:00', null), ('224', '100', '2016-08-24', '11:35:00', '11:40:00', null), ('225', '100', '2016-08-24', '11:40:00', '11:45:00', null), ('226', '100', '2016-08-24', '11:45:00', '11:50:00', null), ('227', '100', '2016-08-24', '11:50:00', '11:55:00', null), ('228', '100', '2016-08-24', '11:55:00', '12:00:00', null), ('229', '100', '2016-08-31', '11:00:00', '11:05:00', null), ('230', '100', '2016-08-31', '11:05:00', '11:10:00', null), ('231', '100', '2016-08-31', '11:10:00', '11:15:00', null), ('232', '100', '2016-08-31', '11:15:00', '11:20:00', null), ('233', '100', '2016-08-31', '11:20:00', '11:25:00', null), ('234', '100', '2016-08-31', '11:25:00', '11:30:00', null), ('235', '100', '2016-08-31', '11:30:00', '11:35:00', null), ('236', '100', '2016-08-31', '11:35:00', '11:40:00', null), ('237', '100', '2016-08-31', '11:40:00', '11:45:00', null), ('238', '100', '2016-08-31', '11:45:00', '11:50:00', null), ('239', '100', '2016-08-31', '11:50:00', '11:55:00', null), ('240', '100', '2016-08-31', '11:55:00', '12:00:00', null), ('241', '100', '2016-09-07', '11:00:00', '11:05:00', null), ('242', '100', '2016-09-07', '11:05:00', '11:10:00', null), ('243', '100', '2016-09-07', '11:10:00', '11:15:00', null), ('244', '100', '2016-09-07', '11:15:00', '11:20:00', null), ('245', '100', '2016-09-07', '11:20:00', '11:25:00', null), ('246', '100', '2016-09-07', '11:25:00', '11:30:00', null), ('247', '100', '2016-09-07', '11:30:00', '11:35:00', null), ('248', '100', '2016-09-07', '11:35:00', '11:40:00', null), ('249', '100', '2016-09-07', '11:40:00', '11:45:00', null), ('250', '100', '2016-09-07', '11:45:00', '11:50:00', null), ('251', '100', '2016-09-07', '11:50:00', '11:55:00', null), ('252', '100', '2016-09-07', '11:55:00', '12:00:00', null), ('253', '100', '2016-09-14', '11:00:00', '11:05:00', null), ('254', '100', '2016-09-14', '11:05:00', '11:10:00', null), ('255', '100', '2016-09-14', '11:10:00', '11:15:00', null), ('256', '100', '2016-09-14', '11:15:00', '11:20:00', null), ('257', '100', '2016-09-14', '11:20:00', '11:25:00', null), ('258', '100', '2016-09-14', '11:25:00', '11:30:00', null), ('259', '100', '2016-09-14', '11:30:00', '11:35:00', null), ('260', '100', '2016-09-14', '11:35:00', '11:40:00', null), ('261', '100', '2016-09-14', '11:40:00', '11:45:00', null), ('262', '100', '2016-09-14', '11:45:00', '11:50:00', null), ('263', '100', '2016-09-14', '11:50:00', '11:55:00', null), ('264', '100', '2016-09-14', '11:55:00', '12:00:00', null), ('265', '100', '2016-08-02', '12:33:00', '12:38:00', null), ('266', '100', '2016-08-02', '12:38:00', '12:43:00', null), ('267', '100', '2016-08-02', '12:43:00', '12:48:00', null), ('268', '100', '2016-08-02', '12:48:00', '12:53:00', null), ('269', '100', '2016-08-02', '12:53:00', '12:58:00', null), ('270', '100', '2016-08-02', '12:58:00', '13:03:00', null), ('271', '100', '2016-08-02', '13:03:00', '13:08:00', null), ('272', '100', '2016-08-02', '13:08:00', '13:13:00', null), ('273', '100', '2016-08-02', '13:13:00', '13:18:00', null), ('274', '100', '2016-08-02', '13:18:00', '13:23:00', null), ('275', '100', '2016-08-02', '13:23:00', '13:28:00', null), ('276', '100', '2016-08-02', '13:28:00', '13:33:00', null), ('277', '100', '2016-08-02', '13:33:00', '13:38:00', null), ('278', '100', '2016-08-09', '12:33:00', '12:38:00', null), ('279', '100', '2016-08-09', '12:38:00', '12:43:00', null), ('280', '100', '2016-08-09', '12:43:00', '12:48:00', null), ('281', '100', '2016-08-09', '12:48:00', '12:53:00', null), ('282', '100', '2016-08-09', '12:53:00', '12:58:00', null), ('283', '100', '2016-08-09', '12:58:00', '13:03:00', null), ('284', '100', '2016-08-09', '13:03:00', '13:08:00', null), ('285', '100', '2016-08-09', '13:08:00', '13:13:00', null), ('286', '100', '2016-08-09', '13:13:00', '13:18:00', null), ('287', '100', '2016-08-09', '13:18:00', '13:23:00', null), ('288', '100', '2016-08-09', '13:23:00', '13:28:00', null), ('289', '100', '2016-08-09', '13:28:00', '13:33:00', null), ('290', '100', '2016-08-09', '13:33:00', '13:38:00', null), ('291', '100', '2016-08-16', '12:33:00', '12:38:00', null), ('292', '100', '2016-08-16', '12:38:00', '12:43:00', null), ('293', '100', '2016-08-16', '12:43:00', '12:48:00', null), ('294', '100', '2016-08-16', '12:48:00', '12:53:00', null), ('295', '100', '2016-08-16', '12:53:00', '12:58:00', null), ('296', '100', '2016-08-16', '12:58:00', '13:03:00', null), ('297', '100', '2016-08-16', '13:03:00', '13:08:00', null), ('298', '100', '2016-08-16', '13:08:00', '13:13:00', null), ('299', '100', '2016-08-16', '13:13:00', '13:18:00', null), ('300', '100', '2016-08-16', '13:18:00', '13:23:00', null), ('301', '100', '2016-08-16', '13:23:00', '13:28:00', null), ('302', '100', '2016-08-16', '13:28:00', '13:33:00', null), ('303', '100', '2016-08-16', '13:33:00', '13:38:00', null), ('304', '100', '2016-08-23', '12:33:00', '12:38:00', null), ('305', '100', '2016-08-23', '12:38:00', '12:43:00', null), ('306', '100', '2016-08-23', '12:43:00', '12:48:00', null), ('307', '100', '2016-08-23', '12:48:00', '12:53:00', null), ('308', '100', '2016-08-23', '12:53:00', '12:58:00', null), ('309', '100', '2016-08-23', '12:58:00', '13:03:00', null), ('310', '100', '2016-08-23', '13:03:00', '13:08:00', null), ('311', '100', '2016-08-23', '13:08:00', '13:13:00', null), ('312', '100', '2016-08-23', '13:13:00', '13:18:00', null), ('313', '100', '2016-08-23', '13:18:00', '13:23:00', null), ('314', '100', '2016-08-23', '13:23:00', '13:28:00', null), ('315', '100', '2016-08-23', '13:28:00', '13:33:00', null), ('316', '100', '2016-08-23', '13:33:00', '13:38:00', null), ('317', '100', '2016-08-30', '13:33:00', '13:38:00', null), ('318', '100', '2016-08-30', '13:38:00', '13:43:00', null), ('319', '100', '2016-08-30', '13:43:00', '13:48:00', null), ('320', '100', '2016-08-30', '13:48:00', '13:53:00', null), ('321', '100', '2016-08-30', '13:53:00', '13:58:00', null), ('322', '100', '2016-08-30', '13:58:00', '14:03:00', null), ('323', '100', '2016-08-30', '14:03:00', '14:08:00', null), ('324', '100', '2016-08-30', '14:08:00', '14:13:00', null), ('325', '100', '2016-08-30', '14:13:00', '14:18:00', null), ('326', '100', '2016-08-30', '14:18:00', '14:23:00', null), ('327', '100', '2016-08-30', '14:23:00', '14:28:00', null), ('328', '100', '2016-08-30', '14:28:00', '14:33:00', null), ('329', '100', '2016-08-30', '14:33:00', '14:38:00', null), ('330', '100', '2016-09-06', '13:33:00', '13:38:00', null), ('331', '100', '2016-09-06', '13:38:00', '13:43:00', null), ('332', '100', '2016-09-06', '13:43:00', '13:48:00', null), ('333', '100', '2016-09-06', '13:48:00', '13:53:00', null), ('334', '100', '2016-09-06', '13:53:00', '13:58:00', null), ('335', '100', '2016-09-06', '13:58:00', '14:03:00', null), ('336', '100', '2016-09-06', '14:03:00', '14:08:00', null), ('337', '100', '2016-09-06', '14:08:00', '14:13:00', null), ('338', '100', '2016-09-06', '14:13:00', '14:18:00', null), ('339', '100', '2016-09-06', '14:18:00', '14:23:00', null), ('340', '100', '2016-09-06', '14:23:00', '14:28:00', null), ('341', '100', '2016-09-06', '14:28:00', '14:33:00', null), ('342', '100', '2016-09-06', '14:33:00', '14:38:00', null), ('343', '103', '2017-02-15', '13:05:00', '13:10:00', '1001331545'), ('344', '103', '2017-02-15', '13:10:00', '13:15:00', '1001331545'), ('345', '103', '2017-02-15', '13:15:00', '13:20:00', null), ('346', '103', '2017-02-15', '13:20:00', '13:25:00', null), ('347', '103', '2017-02-15', '13:25:00', '13:30:00', null), ('348', '103', '2017-02-15', '13:30:00', '13:35:00', null), ('349', '103', '2017-02-15', '13:35:00', '13:40:00', null), ('350', '103', '2017-02-15', '13:40:00', '13:45:00', null), ('351', '103', '2017-02-15', '13:45:00', '13:50:00', null), ('352', '103', '2017-02-15', '13:50:00', '13:55:00', null), ('353', '103', '2017-02-15', '13:55:00', '14:00:00', null), ('354', '103', '2017-02-15', '14:00:00', '14:05:00', null), ('355', '103', '2017-02-22', '13:05:00', '13:10:00', null), ('356', '103', '2017-02-22', '13:10:00', '13:15:00', null), ('357', '103', '2017-02-22', '13:15:00', '13:20:00', null), ('358', '103', '2017-02-22', '13:20:00', '13:25:00', null), ('359', '103', '2017-02-22', '13:25:00', '13:30:00', '1001331545'), ('360', '103', '2017-02-22', '13:30:00', '13:35:00', '1001331545'), ('361', '103', '2017-02-22', '13:35:00', '13:40:00', null), ('362', '103', '2017-02-22', '13:40:00', '13:45:00', null), ('363', '103', '2017-02-22', '13:45:00', '13:50:00', null), ('364', '103', '2017-02-22', '13:50:00', '13:55:00', null), ('365', '103', '2017-02-22', '13:55:00', '14:00:00', null), ('366', '103', '2017-02-22', '14:00:00', '14:05:00', null), ('367', '103', '2017-02-17', '13:10:00', '13:15:00', null), ('368', '103', '2017-02-17', '13:15:00', '13:20:00', null), ('369', '103', '2017-02-17', '13:20:00', '13:25:00', null), ('370', '103', '2017-02-17', '13:25:00', '13:30:00', null), ('371', '103', '2017-02-17', '13:30:00', '13:35:00', null), ('372', '103', '2017-02-17', '13:35:00', '13:40:00', null), ('373', '103', '2017-02-17', '13:40:00', '13:45:00', null), ('374', '103', '2017-02-17', '13:45:00', '13:50:00', null), ('375', '103', '2017-02-17', '13:50:00', '13:55:00', null), ('376', '103', '2017-02-17', '13:55:00', '14:00:00', null), ('377', '103', '2017-02-24', '13:10:00', '13:15:00', null), ('378', '103', '2017-02-24', '13:15:00', '13:20:00', null), ('379', '103', '2017-02-24', '13:20:00', '13:25:00', null), ('380', '103', '2017-02-24', '13:25:00', '13:30:00', null), ('381', '103', '2017-02-24', '13:30:00', '13:35:00', null), ('382', '103', '2017-02-24', '13:35:00', '13:40:00', null), ('383', '103', '2017-02-24', '13:40:00', '13:45:00', null), ('384', '103', '2017-02-24', '13:45:00', '13:50:00', null), ('385', '103', '2017-02-24', '13:50:00', '13:55:00', null), ('386', '103', '2017-02-24', '13:55:00', '14:00:00', null), ('387', '103', '2017-03-03', '13:10:00', '13:15:00', null), ('388', '103', '2017-03-03', '13:15:00', '13:20:00', null), ('389', '103', '2017-03-03', '13:20:00', '13:25:00', null), ('390', '103', '2017-03-03', '13:25:00', '13:30:00', null), ('391', '103', '2017-03-03', '13:30:00', '13:35:00', null), ('392', '103', '2017-03-03', '13:35:00', '13:40:00', null), ('393', '103', '2017-03-03', '13:40:00', '13:45:00', null), ('394', '103', '2017-03-03', '13:45:00', '13:50:00', null), ('395', '103', '2017-03-03', '13:50:00', '13:55:00', null), ('396', '103', '2017-03-03', '13:55:00', '14:00:00', null), ('409', '103', '2017-03-01', '13:10:00', '13:15:00', null), ('410', '103', '2017-03-01', '13:15:00', '13:20:00', null), ('411', '103', '2017-03-01', '13:20:00', '13:25:00', null), ('412', '103', '2017-03-01', '13:25:00', '13:30:00', null), ('413', '103', '2017-03-01', '13:30:00', '13:35:00', null), ('414', '103', '2017-03-01', '13:35:00', '13:40:00', null), ('415', '103', '2017-03-01', '13:40:00', '13:45:00', null), ('416', '103', '2017-03-01', '13:45:00', '13:50:00', null), ('417', '103', '2017-03-01', '13:50:00', '13:55:00', null), ('418', '103', '2017-03-01', '13:55:00', '14:00:00', null), ('422', '103', '2017-02-23', '01:00:00', '01:05:00', null), ('423', '103', '2017-02-23', '01:05:00', '01:10:00', null), ('424', '103', '2017-03-02', '14:00:00', '14:05:00', null), ('425', '103', '2017-03-02', '14:05:00', '14:10:00', null), ('426', '103', '2017-02-23', '02:00:00', '02:05:00', null), ('427', '103', '2017-02-23', '02:05:00', '02:10:00', null), ('428', '103', '2017-02-22', '11:40:00', '11:45:00', null), ('429', '103', '2017-02-22', '11:45:00', '11:50:00', null), ('659', '120', '2017-02-22', '14:00:00', '14:05:00', null), ('660', '120', '2017-02-22', '14:05:00', '14:10:00', null), ('661', '120', '2017-02-22', '14:10:00', '14:15:00', null), ('662', '120', '2017-02-22', '14:15:00', '14:20:00', null), ('663', '120', '2017-02-22', '14:20:00', '14:25:00', null), ('664', '120', '2017-02-22', '14:25:00', '14:30:00', null), ('665', '120', '2017-02-22', '14:30:00', '14:35:00', null), ('666', '120', '2017-02-22', '14:35:00', '14:40:00', null), ('667', '120', '2017-02-22', '14:40:00', '14:45:00', null), ('668', '120', '2017-02-22', '14:45:00', '14:50:00', null), ('669', '120', '2017-02-22', '14:50:00', '14:55:00', null), ('670', '120', '2017-02-22', '14:55:00', '15:00:00', null), ('671', '120', '2017-02-22', '15:00:00', '15:05:00', null), ('672', '120', '2017-02-22', '15:05:00', '15:10:00', null), ('673', '120', '2017-02-22', '15:10:00', '15:15:00', null), ('674', '120', '2017-02-22', '15:15:00', '15:20:00', null), ('675', '120', '2017-02-22', '15:20:00', '15:25:00', null), ('676', '120', '2017-02-23', '14:00:00', '14:05:00', null), ('677', '120', '2017-02-23', '14:05:00', '14:10:00', null), ('678', '120', '2017-02-23', '14:10:00', '14:15:00', null), ('679', '120', '2017-02-23', '14:15:00', '14:20:00', null), ('680', '120', '2017-02-23', '14:20:00', '14:25:00', null), ('681', '120', '2017-02-23', '14:25:00', '14:30:00', null), ('682', '120', '2017-02-23', '14:30:00', '14:35:00', null), ('683', '120', '2017-02-23', '14:35:00', '14:40:00', null), ('684', '120', '2017-02-23', '14:40:00', '14:45:00', null), ('685', '120', '2017-02-23', '14:45:00', '14:50:00', null), ('686', '120', '2017-02-23', '14:50:00', '14:55:00', null), ('687', '120', '2017-02-23', '14:55:00', '15:00:00', null), ('688', '117', '2017-02-22', '13:00:00', '13:05:00', null), ('689', '117', '2017-02-22', '13:05:00', '13:10:00', null), ('690', '117', '2017-02-22', '13:10:00', '13:15:00', null), ('691', '117', '2017-02-22', '13:15:00', '13:20:00', null), ('692', '117', '2017-02-22', '13:20:00', '13:25:00', null), ('693', '117', '2017-02-22', '13:25:00', '13:30:00', null), ('694', '117', '2017-02-22', '13:30:00', '13:35:00', null), ('695', '117', '2017-02-22', '13:35:00', '13:40:00', null), ('696', '117', '2017-02-22', '13:40:00', '13:45:00', null), ('697', '117', '2017-02-22', '13:45:00', '13:50:00', null), ('698', '117', '2017-02-22', '13:50:00', '13:55:00', null), ('699', '117', '2017-02-22', '13:55:00', '14:00:00', null), ('708', '117', '2017-02-23', '14:00:00', '14:05:00', null), ('709', '117', '2017-02-23', '14:05:00', '14:10:00', null), ('710', '117', '2017-02-23', '14:10:00', '14:15:00', null), ('711', '117', '2017-02-23', '14:15:00', '14:20:00', null), ('712', '117', '2017-02-23', '14:20:00', '14:25:00', null), ('713', '117', '2017-02-23', '14:25:00', '14:30:00', null), ('714', '117', '2017-02-23', '14:30:00', '14:35:00', null), ('715', '117', '2017-02-23', '14:35:00', '14:40:00', null), ('716', '117', '2017-02-23', '14:40:00', '14:45:00', null), ('717', '117', '2017-02-23', '14:45:00', '14:50:00', null), ('718', '117', '2017-02-23', '14:50:00', '14:55:00', null), ('719', '117', '2017-02-23', '14:55:00', '15:00:00', null), ('720', '109', '2017-02-22', '13:00:00', '13:05:00', null), ('721', '109', '2017-02-22', '13:05:00', '13:10:00', null), ('722', '109', '2017-02-22', '13:10:00', '13:15:00', null), ('723', '109', '2017-02-22', '13:15:00', '13:20:00', null), ('724', '109', '2017-02-22', '13:20:00', '13:25:00', null), ('725', '109', '2017-02-22', '13:25:00', '13:30:00', null), ('726', '109', '2017-02-22', '13:30:00', '13:35:00', null), ('727', '109', '2017-02-22', '13:35:00', '13:40:00', null), ('728', '109', '2017-02-22', '13:40:00', '13:45:00', null), ('729', '109', '2017-02-22', '13:45:00', '13:50:00', null), ('730', '109', '2017-02-22', '13:50:00', '13:55:00', null), ('731', '109', '2017-02-22', '13:55:00', '14:00:00', null);
COMMIT;

-- ----------------------------
--  Table structure for `appointment_types`
-- ----------------------------
DROP TABLE IF EXISTS `appointment_types`;
CREATE TABLE `appointment_types` (
  `userId` int(11) NOT NULL,
  `type` varchar(45) NOT NULL,
  `duration` int(11) NOT NULL,
  PRIMARY KEY (`userId`,`type`),
  UNIQUE KEY `userId` (`userId`,`type`),
  CONSTRAINT `appointment_types_ibfk_1` FOREIGN KEY (`userId`) REFERENCES `user_advisor` (`userId`) ON DELETE CASCADE ON UPDATE CASCADE
) ENGINE=InnoDB DEFAULT CHARSET=utf8;

-- ----------------------------
--  Records of `appointment_types`
-- ----------------------------
BEGIN;
INSERT INTO `appointment_types` VALUES ('100', 'Add Class', '10'), ('100', 'Drop Class', '30'), ('100', 'phd advising', '10'), ('103', 'Add Course', '10'), ('103', 'Drop Course', '10'), ('103', 'Swap Course', '10'), ('103', 'Type?', '65'), ('106', 'Add Course', '10'), ('106', 'Drop Course', '10'), ('106', 'Swap Course', '10'), ('109', 'Add Course', '10'), ('109', 'Drop Course', '10'), ('109', 'Swap Course', '10'), ('114', 'Add Course', '10'), ('114', 'Drop Course', '10'), ('114', 'Swap Course', '10');
COMMIT;

-- ----------------------------
--  Table structure for `appointments`
-- ----------------------------
DROP TABLE IF EXISTS `appointments`;
CREATE TABLE `appointments` (
  `Id` int(11) NOT NULL AUTO_INCREMENT,
  `advisor_userId` int(11) NOT NULL,
  `student_userId` int(11) DEFAULT NULL,
  `date` date NOT NULL,
  `start` time NOT NULL,
  `end` time NOT NULL,
  `type` varchar(45) NOT NULL,
  `description` varchar(100) DEFAULT NULL,
  `studentId` int(11) NOT NULL,
  `student_email` varchar(50) DEFAULT NULL,
  `student_cell` varchar(20) DEFAULT NULL,
  PRIMARY KEY (`Id`),
  KEY `advisor_userId` (`advisor_userId`,`type`),
  CONSTRAINT `appointments_ibfk_1` FOREIGN KEY (`advisor_userId`) REFERENCES `user_advisor` (`userId`) ON DELETE CASCADE ON UPDATE CASCADE,
  CONSTRAINT `appointments_ibfk_2` FOREIGN KEY (`advisor_userId`, `type`) REFERENCES `appointment_types` (`userId`, `type`) ON DELETE CASCADE ON UPDATE CASCADE
) ENGINE=InnoDB AUTO_INCREMENT=360 DEFAULT CHARSET=utf8;

-- ----------------------------
--  Records of `appointments`
-- ----------------------------
BEGIN;
INSERT INTO `appointments` VALUES ('343', '103', '99', '2017-02-15', '13:05:00', '13:15:00', 'Swap Course', 'ask some questions', '1001331545', 'shaoying.li@mavs.uta.edu', '682-367-9584'), ('359', '103', '99', '2017-02-22', '13:25:00', '13:35:00', 'Drop Course', 'test', '1001331545', 'shaoying.li@mavs.uta.edu', '682-367-9584');
COMMIT;

-- ----------------------------
--  Table structure for `degree_type`
-- ----------------------------
DROP TABLE IF EXISTS `degree_type`;
CREATE TABLE `degree_type` (
  `name` varchar(45) NOT NULL,
  PRIMARY KEY (`name`),
  UNIQUE KEY `name` (`name`)
) ENGINE=InnoDB DEFAULT CHARSET=utf8;

-- ----------------------------
--  Table structure for `degree_type_user`
-- ----------------------------
DROP TABLE IF EXISTS `degree_type_user`;
CREATE TABLE `degree_type_user` (
  `name` varchar(45) NOT NULL,
  `userId` int(11) NOT NULL,
  PRIMARY KEY (`name`,`userId`),
  UNIQUE KEY `userId` (`userId`,`name`),
  CONSTRAINT `degree_type_user_ibfk_1` FOREIGN KEY (`name`) REFERENCES `degree_type` (`name`) ON DELETE CASCADE ON UPDATE CASCADE,
  CONSTRAINT `degree_type_user_ibfk_2` FOREIGN KEY (`userId`) REFERENCES `user` (`userId`) ON DELETE CASCADE ON UPDATE CASCADE
) ENGINE=InnoDB DEFAULT CHARSET=utf8;

-- ----------------------------
--  Table structure for `department`
-- ----------------------------
DROP TABLE IF EXISTS `department`;
CREATE TABLE `department` (
  `name` varchar(45) NOT NULL,
  PRIMARY KEY (`name`),
  UNIQUE KEY `name` (`name`)
) ENGINE=InnoDB DEFAULT CHARSET=utf8;

-- ----------------------------
--  Records of `department`
-- ----------------------------
BEGIN;
INSERT INTO `department` VALUES ('ARCH'), ('CSE'), ('MAE'), ('MATH'), ('UENGINT');
COMMIT;

-- ----------------------------
--  Table structure for `department_user`
-- ----------------------------
DROP TABLE IF EXISTS `department_user`;
CREATE TABLE `department_user` (
  `name` varchar(45) NOT NULL,
  `userId` int(11) NOT NULL,
  PRIMARY KEY (`name`,`userId`),
  UNIQUE KEY `userId` (`userId`,`name`),
  CONSTRAINT `department_user_ibfk_1` FOREIGN KEY (`name`) REFERENCES `department` (`name`) ON DELETE CASCADE ON UPDATE CASCADE,
  CONSTRAINT `department_user_ibfk_2` FOREIGN KEY (`userId`) REFERENCES `user` (`userId`) ON DELETE CASCADE ON UPDATE CASCADE
) ENGINE=InnoDB DEFAULT CHARSET=utf8;

-- ----------------------------
--  Records of `department_user`
-- ----------------------------
BEGIN;
INSERT INTO `department_user` VALUES ('ARCH', '65'), ('ARCH', '114'), ('CSE', '98'), ('CSE', '99'), ('CSE', '100'), ('CSE', '102'), ('CSE', '103'), ('CSE', '106'), ('CSE', '109');
COMMIT;

-- ----------------------------
--  Table structure for `major`
-- ----------------------------
DROP TABLE IF EXISTS `major`;
CREATE TABLE `major` (
  `name` varchar(45) NOT NULL,
  `dep_name` varchar(45) NOT NULL,
  PRIMARY KEY (`name`),
  UNIQUE KEY `name` (`name`),
  KEY `dep_name` (`dep_name`),
  CONSTRAINT `major_ibfk_1` FOREIGN KEY (`dep_name`) REFERENCES `department` (`name`) ON DELETE CASCADE ON UPDATE CASCADE
) ENGINE=InnoDB DEFAULT CHARSET=utf8;

-- ----------------------------
--  Records of `major`
-- ----------------------------
BEGIN;
INSERT INTO `major` VALUES ('Architecture', 'ARCH'), ('Interior Design', 'ARCH'), ('Landscape Architecture', 'ARCH'), ('Computer Engineering', 'CSE'), ('Computer Science', 'CSE'), ('Software Engineering', 'CSE'), ('Aerospace Engineering', 'MAE'), ('Mechanical Engineering', 'MAE'), ('Mathematics', 'MATH'), ('Undecided', 'UENGINT');
COMMIT;

-- ----------------------------
--  Table structure for `major_user`
-- ----------------------------
DROP TABLE IF EXISTS `major_user`;
CREATE TABLE `major_user` (
  `name` varchar(45) NOT NULL,
  `userId` int(11) NOT NULL,
  PRIMARY KEY (`name`,`userId`),
  UNIQUE KEY `userId` (`userId`,`name`),
  CONSTRAINT `major_user_ibfk_1` FOREIGN KEY (`name`) REFERENCES `major` (`name`) ON DELETE CASCADE ON UPDATE CASCADE,
  CONSTRAINT `major_user_ibfk_2` FOREIGN KEY (`userId`) REFERENCES `user` (`userId`) ON DELETE CASCADE ON UPDATE CASCADE
) ENGINE=InnoDB DEFAULT CHARSET=utf8;

-- ----------------------------
--  Records of `major_user`
-- ----------------------------
BEGIN;
INSERT INTO `major_user` VALUES ('Architecture', '65'), ('Architecture', '114'), ('Computer Engineering', '100'), ('Computer Engineering', '103'), ('Computer Engineering', '106'), ('Computer Engineering', '109'), ('Computer Science', '98'), ('Computer Science', '99'), ('Computer Science', '100'), ('Computer Science', '103'), ('Computer Science', '106'), ('Computer Science', '109'), ('Interior Design', '114'), ('Landscape Architecture', '114'), ('Software Engineering', '98'), ('Software Engineering', '100'), ('Software Engineering', '102'), ('Software Engineering', '103'), ('Software Engineering', '106'), ('Software Engineering', '109');
COMMIT;

-- ----------------------------
--  Table structure for `user`
-- ----------------------------
DROP TABLE IF EXISTS `user`;
CREATE TABLE `user` (
  `userId` int(11) NOT NULL AUTO_INCREMENT,
  `email` varchar(255) NOT NULL,
  `password` varchar(32) NOT NULL,
  `role` varchar(32) DEFAULT NULL,
  `validated` tinyint(4) NOT NULL DEFAULT '0',
  PRIMARY KEY (`userId`),
  UNIQUE KEY `email` (`email`)
) ENGINE=InnoDB AUTO_INCREMENT=123 DEFAULT CHARSET=utf8;

-- ----------------------------
--  Records of `user`
-- ----------------------------
BEGIN;
INSERT INTO `user` VALUES ('50', 'cathysui307@gmail.com', '123456789', 'admin', '0'), ('65', 'admin@uta.edu', '123qweasd', 'admin', '1'), ('99', 'shaoying.li@mavs.uta.edu', '123qweasd', 'student', '1'), ('100', 'chirschen19930411@gmail.com', '5f4dcc3b5aa765d61d8327deb882cf99', 'advisor', '1'), ('102', 'zhenyu.chen@mavs.uta.edu', '5f4dcc3b5aa765d61d8327deb882cf99', 'student', '1'), ('103', 'ad1@uta.edu', '123qweasd', 'advisor', '1'), ('104', 'aaaa@uta.edu', '12345678', 'faculty', '0'), ('106', 'test1@uta.edu', '123qweasd', 'advisor', '1'), ('109', 'ad2@uta.edu', '123qweasd', 'advisor', '1'), ('114', 'ad3@uta.edu', '4@s6b72dkt', 'advisor', '0'), ('116', 'sdfsaf', '12345678', 'advisor', '0'), ('117', 'test2@gmail.com', '12345678', 'advisor', '1'), ('118', 'test3@gmail.com', '12345678', 'advisor', '0'), ('120', 'test4@gmail.com', '12345678', 'advisor', '0');
COMMIT;

-- ----------------------------
--  Table structure for `user_advisor`
-- ----------------------------
DROP TABLE IF EXISTS `user_advisor`;
CREATE TABLE `user_advisor` (
  `userId` int(11) NOT NULL,
  `pName` varchar(32) NOT NULL,
  `notification` varchar(45) NOT NULL,
  `name_low` varchar(2) NOT NULL,
  `name_high` varchar(2) NOT NULL,
  `degree_types` int(11) NOT NULL,
  `cutOffTime` varchar(5) NOT NULL DEFAULT '0',
  PRIMARY KEY (`userId`),
  UNIQUE KEY `userId` (`userId`),
  CONSTRAINT `user_advisor_ibfk_1` FOREIGN KEY (`userId`) REFERENCES `user` (`userId`) ON DELETE CASCADE ON UPDATE CASCADE
) ENGINE=InnoDB DEFAULT CHARSET=utf8;

-- ----------------------------
--  Records of `user_advisor`
-- ----------------------------
BEGIN;
INSERT INTO `user_advisor` VALUES ('99', 'abcd', 'new notice', 'a', 'b', '1', '0'), ('100', 'Zhenyu Chen', 'yes', 'A', 'Z', '7', '24'), ('103', 'Lin Gao', 'yes', 'A', 'Z', '7', '6'), ('106', 'sss', 'yes', 'A', 'Z', '7', '0'), ('109', 'linc', 'yes', 'A', 'Z', '7', '0'), ('114', 'lll', 'yes', 'A', 'Z', '7', '0'), ('116', 'sdf', 'Yes', 'a', 'Z', '7', '0'), ('117', 'test', 'Yes', 'a', 'Z', '7', '0'), ('118', 'test3', 'Yes', 'a', 'Z', '7', '0'), ('120', 'test4', 'Yes', 'a', 'Z', '7', '0');
COMMIT;

-- ----------------------------
--  Table structure for `user_student`
-- ----------------------------
DROP TABLE IF EXISTS `user_student`;
CREATE TABLE `user_student` (
  `userId` int(11) NOT NULL,
  `student_Id` int(11) NOT NULL,
  `degree_type` int(11) NOT NULL,
  `phone_num` varchar(45) NOT NULL,
  `last_name_initial` varchar(2) NOT NULL,
  `notification` varchar(45) NOT NULL,
  PRIMARY KEY (`userId`),
  UNIQUE KEY `userId` (`userId`),
  CONSTRAINT `user_student_ibfk_1` FOREIGN KEY (`userId`) REFERENCES `user` (`userId`) ON DELETE CASCADE ON UPDATE CASCADE
) ENGINE=InnoDB DEFAULT CHARSET=utf8;

-- ----------------------------
--  Records of `user_student`
-- ----------------------------
BEGIN;
INSERT INTO `user_student` VALUES ('98', '1001330717', '2', '682-365-9897', 'C', 'yes'), ('99', '1001331545', '4', '682-367-9584', 'L', 'no'), ('102', '1001330717', '2', '682-365-9897', 'C', 'no');
COMMIT;

SET FOREIGN_KEY_CHECKS = 1;
